,ngram_range,max_df,min_df,vector,n_estimators,criterion,max_depth,Acc,recall,PPV,AUC,dataset
0,"(1, 1)",1.0,0,count,300,gini,100,0.9337395419904224,0.9967427888965292,0.8882187893056407,0.9919833016957964,train
1,"(1, 1)",1.0,0,count,300,gini,100,0.8587452719446981,0.9304487450350714,0.8194403096159572,0.9375123684322679,test
