,ngram_range,max_df,min_df,vector,C,Acc,recall,PPV,AUC,dataset
0,"(1, 2)",0.5,0,count,0.01,0.8985969031248253,0.9749556657377583,0.8501057149168482,0.9788857487042033,train
1,"(1, 2)",0.5,0,count,0.01,0.8483109430024781,0.9383081213555311,0.8009666714759774,0.9384597736963574,test
