,ngram_range,max_df,min_df,vector,h1_nodes,optimizer,Acc,recall,PPV,AUC,dataset
0,"(1, 2)",1.0,0,count,128,Adadelta,0.9611865764808915,0.9754985342550034,0.9504231311706629,0.9917169334593768,train
1,"(1, 2)",1.0,0,count,128,Adadelta,0.8716142776401026,0.8985041832164287,0.8585271317829457,0.9433977520432999,test
