,ngram_range,max_df,min_df,vector,n_estimators,criterion,max_depth,Acc,recall,PPV,AUC,dataset
0,"(1, 1)",0.5,0,tfidf,300,entropy,100,0.938397898149701,0.9986971155586117,0.8940547545763811,0.9947575851453558,train
1,"(1, 1)",0.5,0,tfidf,300,entropy,100,0.8582670318681797,0.9317163863770811,0.8180603991986347,0.9383989152586002,test
