,ngram_range,max_df,min_df,vector,h1_nodes,optimizer,Acc,recall,PPV,AUC,dataset
0,"(1, 2)",0.75,0,tfidf,128,Adadelta,0.9674474071589617,0.973544207592921,0.9636051010173378,0.9940648210308425,train
1,"(1, 2)",0.75,0,tfidf,128,Adadelta,0.8736141906873615,0.8864193357559368,0.8703119814138732,0.9475180555653087,test
