,ngram_range,max_df,min_df,vector,C,Acc,recall,PPV,AUC,dataset
0,"(1, 2)",0.25,0,tfidf,1.2575,0.9866957348091006,0.9916036335999421,0.9827122413112872,0.9975090502968028,train
1,"(1, 2)",0.25,0,tfidf,1.2575,0.8729620451284726,0.8956308628412067,0.8626780626780627,0.9444979863329619,test
