,ngram_range,max_df,min_df,h1_nodes,optimizer,Acc,recall,PPV,AUC,dataset,fold,vector
0,"(2, 2)",0.25,0.0,3200,RMSprop,0.959640002236011,0.9743213897937025,0.9486732212707475,0.9908923973638615,train,1,count
1,"(2, 2)",0.25,0.0,3200,RMSprop,0.8306780703225446,0.8760178047986104,0.81046605062274,0.9093395063153972,val,1,count
