,ngram_range,max_df,min_df,h1_nodes,optimizer,Acc,recall,PPV,AUC,dataset,fold,vector
0,"(1, 2)",0.25,0.0,2048,Adadelta,0.9632735200402482,0.9733412965577153,0.9561066666666667,0.9918649273301565,train,1,count
1,"(1, 2)",0.25,0.0,2048,Adadelta,0.8638828330258819,0.891457722783024,0.8512645107794361,0.9421110294416798,val,1,count
