,ngram_range,max_df,min_df,h1_nodes,optimizer,Acc,recall,PPV,AUC,dataset,fold,vector
0,"(2, 2)",0.25,0.0,512,Adam,0.9593605008664542,0.9704270443323023,0.9516309264087692,0.9929626351914154,train,1,count
1,"(2, 2)",0.25,0.0,512,Adam,0.8213986248532618,0.8515540099978266,0.8107604759441283,0.908348117124202,val,1,count
0,"(2, 2)",0.25,0.0,512,Adam,0.9588014981273408,0.9692341142577594,0.9515449063450557,0.9932914429790627,train,2,count
1,"(2, 2)",0.25,0.0,512,Adam,0.8239141371792722,0.8358241282217891,0.8252780153977759,0.9103856068053824,val,2,count
0,"(2, 2)",0.25,0.0,512,Adam,0.9584381463469172,0.970112822738121,0.9502683173051378,0.9928324183661462,train,3,count
1,"(2, 2)",0.25,0.0,512,Adam,0.826653250600928,0.8600326264274062,0.8134128780086402,0.9085962355142202,val,3,count
0,"(2, 2)",0.5,0.0,512,Adam,0.9600313041533903,0.9712659257251287,0.9521658251395163,0.9931174177396106,train,1,count
1,"(2, 2)",0.5,0.0,512,Adam,0.8263178489574599,0.8548878728499891,0.8157266022644645,0.9092844863638669,val,1,count
0,"(2, 2)",0.5,0.0,512,Adam,0.9572083403208675,0.9684576897976942,0.9493043339197186,0.9931361169115094,train,2,count
1,"(2, 2)",0.5,0.0,512,Adam,0.8236346358097155,0.8475603159147463,0.8177453027139875,0.911154833828522,val,2,count
0,"(2, 2)",0.5,0.0,512,Adam,0.9589412488121192,0.973302946443106,0.9483451411652744,0.9931913710231997,train,3,count
1,"(2, 2)",0.5,0.0,512,Adam,0.8237464363575382,0.8635079330580309,0.8072742050187951,0.9081087184139003,val,3,count
0,"(2, 2)",0.75,0.0,512,Adam,0.9589132986751635,0.9696313538678071,0.951702885075182,0.9930339308548004,train,1,count
1,"(2, 2)",0.75,0.0,512,Adam,0.8235787355358041,0.8481109412535488,0.8148342425514058,0.9083516176104259,val,1,count
0,"(2, 2)",0.75,0.0,512,Adam,0.957599642238247,0.9700162954915806,0.9487329331137438,0.9928352269471836,train,2,count
1,"(2, 2)",0.75,0.0,512,Adam,0.8232992341662474,0.8565231536709684,0.811216105176664,0.9095463273350236,val,2,count
0,"(2, 2)",0.75,0.0,512,Adam,0.9581306948404047,0.9646879590837368,0.9543032455998708,0.9931709399993192,train,3,count
1,"(2, 2)",0.75,0.0,512,Adam,0.8254793448487897,0.8370082144401211,0.8275272494122676,0.9122353675889747,val,3,count
0,"(2, 2)",1.0,0.0,512,Adam,0.95938845100341,0.9747014884684586,0.9475776529205979,0.9934375855551419,train,1,count
1,"(2, 2)",1.0,0.0,512,Adam,0.825199843479233,0.8681377825618946,0.8091702618641518,0.9073241863180075,val,1,count
