,ngram_range,max_df,min_df,h1_nodes,optimizer,Acc,recall,PPV,AUC,dataset,fold,vector
0,"(2, 2)",0.25,0.0,2048,Adadelta,0.9593325507294985,0.9709822639258013,0.9511210285835724,0.9923518595566639,train,1,count
1,"(2, 2)",0.25,0.0,2048,Adadelta,0.8204483201967689,0.8546878398955841,0.8072734744195603,0.9050721068056612,val,1,count
