,ngram_range,max_df,min_df,h1_nodes,optimizer,Acc,recall,PPV,AUC,dataset,fold,vector
0,"(2, 2)",0.25,0.0,2048,Adam,0.958270445525183,0.9655548288641814,0.9536523658287129,0.9927878570246602,train,1,count
1,"(2, 2)",0.25,0.0,2048,Adam,0.8184359103359606,0.8223634600883335,0.8268168525939564,0.9051210085210449,val,1,count
