,ngram_range,max_df,min_df,h1_nodes,optimizer,Acc,recall,PPV,AUC,dataset,fold,vector
0,"(1, 2)",0.25,0.0,2048,Adam,0.9672424394879535,0.9755660531031113,0.9613676494194446,0.9952079117316773,train,1,count
1,"(1, 2)",0.25,0.0,2048,Adam,0.8530381798870814,0.8759496418493596,0.8445118761117506,0.9329657850570707,val,1,count
