,ngram_range,max_df,min_df,h1_nodes,optimizer,Acc,recall,PPV,AUC,dataset,fold,vector
0,"(2, 2)",0.25,0.0,2048,RMSprop,0.9562580356643747,0.9633376849434291,0.9520993494973389,0.9905902764330667,train,1,count
1,"(2, 2)",0.25,0.0,2048,RMSprop,0.8225166303314886,0.8113982913377311,0.8398253861652115,0.90893261678694,val,1,count
0,"(2, 2)",0.25,0.0,2048,RMSprop,0.9563977863491531,0.9658660608027697,0.9505430153321976,0.9903799135125834,train,2,count
1,"(2, 2)",0.25,0.0,2048,RMSprop,0.8343674884006932,0.8429743028977583,0.8346686877436119,0.917019140391887,val,2,count
