,ngram_range,max_df,min_df,h1_nodes,optimizer,Acc,recall,PPV,AUC,dataset,fold,vector
0,"(2, 2)",0.25,0.0,2048,RMSprop,0.9585219967577842,0.9726428920371275,0.9481454045187576,0.9913405329130177,train,1,count
1,"(2, 2)",0.25,0.0,2048,RMSprop,0.827324053887864,0.8680495221546481,0.8100739839870275,0.9113646938183804,val,1,count
0,"(2, 2)",0.25,0.0,2048,RMSprop,0.9585219967577842,0.9685299534178312,0.9519271720613288,0.9915597299006463,train,2,count
1,"(2, 2)",0.25,0.0,2048,RMSprop,0.8254793448487897,0.8394590467880904,0.8234727720124104,0.9110561640189669,val,2,count
