,ngram_range,max_df,min_df,h1_nodes,optimizer,Acc,recall,PPV,AUC,dataset,fold,vector
0,"(1, 2)",0.25,0.0,2048,Adam,0.9651182290793225,0.9691023417172593,0.9634619530071136,0.9945917258923133,train,1,count
1,"(1, 2)",0.25,0.0,2048,Adam,0.8517524735871206,0.8640967004246978,0.8496627047863797,0.9336103436670788,val,1,count
