,ngram_range,max_df,min_df,h1_nodes,optimizer,Acc,recall,PPV,AUC,dataset,fold,vector
0,"(2, 2)",0.25,0.0,2048,Adadelta,0.9573480910056459,0.9716673903603995,0.9468951655559081,0.9913451234819007,train,1,count
1,"(2, 2)",0.25,0.0,2048,Adadelta,0.826653250600928,0.8711849679591616,0.8072665056360708,0.910671990280524,val,1,count
