,ngram_range,max_df,min_df,h1_nodes,optimizer,Acc,recall,PPV,AUC,dataset,fold,vector
0,"(1, 2)",0.25,0.0,1024,RMSprop,0.9644753759293421,0.9668884921279013,0.9644360496492175,0.992365038190083,train,1,count
1,"(1, 2)",0.25,0.0,1024,RMSprop,0.8558331935826485,0.8566899868823786,0.8607358594179022,0.9345533655780469,val,1,count
0,"(1, 2)",0.25,0.0,1024,RMSprop,0.9637766225054503,0.9780882992605481,0.9527062811142888,0.9909796515367593,train,2,count
1,"(1, 2)",0.25,0.0,1024,RMSprop,0.8567834982391414,0.9025868600497889,0.8338166183381662,0.9304492641460208,val,2,count
0,"(1, 2)",0.25,0.0,1024,RMSprop,0.9632455699032926,0.976722684505357,0.952934309667834,0.9913182893601058,train,3,count
1,"(1, 2)",0.25,0.0,1024,RMSprop,0.8596344122086198,0.8966897446992644,0.8419502285424073,0.9353516100606676,val,3,count
0,"(1, 2)",0.5,0.0,1024,RMSprop,0.9627983677120018,0.9608183643566506,0.9667467511193623,0.9922106704842333,train,1,count
1,"(1, 2)",0.5,0.0,1024,RMSprop,0.8514729722175639,0.8493046501521078,0.8602399031583581,0.934970302766913,val,1,count
0,"(1, 2)",0.5,0.0,1024,RMSprop,0.9640840740119626,0.9735375290870718,0.9576280208666028,0.9920075649308913,train,2,count
1,"(1, 2)",0.5,0.0,1024,RMSprop,0.8566157974174073,0.8877840909090909,0.8408361792404015,0.9317225477252519,val,2,count
0,"(1, 2)",0.5,0.0,1024,RMSprop,0.9636089216837163,0.9712900414033558,0.9583422919802194,0.9921544422421947,train,3,count
1,"(1, 2)",0.5,0.0,1024,RMSprop,0.8587400078260383,0.876010781671159,0.8550831403914966,0.9357803287696267,val,3,count
0,"(1, 2)",0.5,0.25,1024,RMSprop,0.6568002683213148,0.41591867632745755,0.8389137310502781,0.6686127783219696,train,1,count
1,"(1, 2)",0.5,0.25,1024,RMSprop,0.6615797417407345,0.4160008755609062,0.8411152909935826,0.669634241984546,val,1,count
0,"(1, 2)",0.5,0.25,1024,RMSprop,0.6587567779082117,0.4159440711034034,0.8427583177775337,0.6695700637516464,train,2,count
1,"(1, 2)",0.5,0.25,1024,RMSprop,0.6576667225669406,0.4159494498311363,0.8334424798079022,0.6677116087250023,val,2,count
0,"(1, 2)",0.5,0.25,1024,RMSprop,0.6596232321538376,0.41597510373443985,0.8372527472527472,0.6686920804215207,train,3,count
1,"(1, 2)",0.5,0.25,1024,RMSprop,0.655933814075689,0.41588835212023617,0.8443766346992153,0.6694854470837135,val,3,count
