,ngram_range,max_df,min_df,h1_nodes,optimizer,Acc,recall,PPV,AUC,dataset,fold,vector
0,"(2, 2)",0.25,0.0,2048,Adam,0.958186595114316,0.969437786010024,0.9500800854244528,0.9930987798581702,train,1,count
1,"(2, 2)",0.25,0.0,2048,Adam,0.8221812286880206,0.8531536388140162,0.8130908343608714,0.9070022160377045,val,1,count
