,ngram_range,max_df,min_df,h1_nodes,optimizer,Acc,recall,PPV,AUC,dataset,fold,vector
0,"(2, 2)",0.25,0.0,1024,Adam,0.957767343059981,0.9687009259760654,0.9504303474657316,0.992723095840949,train,1,count
1,"(2, 2)",0.25,0.0,1024,Adam,0.8231874336184247,0.8449367088607594,0.8163415919873485,0.909857959200009,val,1,count
0,"(2, 2)",0.25,0.0,1024,Adam,0.957935043881715,0.969031132435527,0.949919828968466,0.9929984635317815,train,2,count
1,"(2, 2)",0.25,0.0,1024,Adam,0.8193862149924535,0.8441334768568353,0.8147532467532468,0.906093024560019,val,2,count
0,"(2, 2)",0.25,0.0,1024,Adam,0.9589971490860305,0.9630974314511759,0.9576485802036747,0.9932245975108889,train,3,count
1,"(2, 2)",0.25,0.0,1024,Adam,0.8205042204706803,0.819657840252806,0.8285966071821987,0.9090528478140294,val,3,count
0,"(2, 2)",0.5,0.0,1024,Adam,0.957599642238247,0.9640240924629659,0.9541353383458646,0.9926581951728406,train,1,count
1,"(2, 2)",0.5,0.0,1024,Adam,0.8253116440270557,0.8232992827646164,0.8348209366391185,0.913128178925773,val,1,count
