,ngram_range,max_df,min_df,h1_nodes,optimizer,Acc,recall,PPV,AUC,dataset,fold,vector
0,"(1, 2)",0.25,0.0,3200,RMSprop,0.9645033260662977,0.9773097383563131,0.9548154433602036,0.9907470307841845,train,1,count
1,"(1, 2)",0.25,0.0,3200,RMSprop,0.8534294818044609,0.8948854381583233,0.832844871147044,0.9283008620098651,val,1,count
