,ngram_range,max_df,min_df,h1_nodes,optimizer,Acc,recall,PPV,AUC,dataset,fold,vector
0,"(1, 2)",0.25,0.0,1024,Adadelta,0.9644753759293421,0.9738335946369682,0.9581382978723404,0.9916343971024231,train,1,count
1,"(1, 2)",0.25,0.0,1024,Adadelta,0.8615350215216054,0.8915042697613312,0.8456745248727802,0.9396350197834964,val,1,count
0,"(1, 2)",0.25,0.0,1024,Adadelta,0.9624629660685338,0.9785400747845878,0.950168385603031,0.9919639919802495,train,2,count
1,"(1, 2)",0.25,0.0,1024,Adadelta,0.8646654368606406,0.9067334931357595,0.8417113381207646,0.9410396990562475,val,2,count
0,"(1, 2)",0.25,0.0,1024,Adadelta,0.9553356811448376,0.933431629532547,0.9783081501831502,0.9921457776269011,train,3,count
1,"(1, 2)",0.25,0.0,1024,Adadelta,0.8451003409916709,0.7917158493400579,0.8988791423001949,0.9421497942184841,val,3,count
0,"(1, 2)",0.5,0.0,1024,Adadelta,0.9658169825032142,0.9760757780784844,0.9584883597321144,0.9926660523408418,train,1,count
1,"(1, 2)",0.5,0.0,1024,Adadelta,0.8642182346693499,0.8882699868938401,0.8526050948736765,0.9438252297905181,val,1,count
