,ngram_range,max_df,min_df,h1_nodes,optimizer,Acc,recall,PPV,AUC,dataset,fold,vector
0,"(1, 2)",0.25,0.0,1024,Adam,0.9659846833249482,0.9667754214246873,0.9670383464781072,0.9947356017219128,train,1,count
1,"(1, 2)",0.25,0.0,1024,Adam,0.8454916429090502,0.8329185153121956,0.8631826847594483,0.9333612943002974,val,1,count
