,ngram_range,max_df,min_df,h1_nodes,optimizer,Acc,recall,PPV,AUC,dataset,fold,vector
0,"(2, 2)",0.25,0.0,1024,Adadelta,0.9568170384034882,0.9780851640900461,0.9404861255998331,0.9913965377730054,train,1,count
1,"(2, 2)",0.25,0.0,1024,Adadelta,0.8233551344401587,0.8983253588516746,0.7878123211901583,0.9093321124970084,val,1,count
0,"(2, 2)",0.25,0.0,1024,Adadelta,0.9579909441556264,0.9742657038927195,0.945767892906082,0.991712099048294,train,2,count
1,"(2, 2)",0.25,0.0,1024,Adadelta,0.8278271563530661,0.8650673035171516,0.8126657148684479,0.9121200276373106,val,2,count
0,"(2, 2)",0.25,0.0,1024,Adadelta,0.9590809994968975,0.9784876140808344,0.9440251572327044,0.9924433323775775,train,3,count
1,"(2, 2)",0.25,0.0,1024,Adadelta,0.8229638325227794,0.897430337200477,0.7884358925509621,0.9085275114824843,val,3,count
0,"(2, 2)",0.5,0.0,1024,Adadelta,0.9465872882777125,0.9197155019128186,0.9759291023441967,0.9913347722013253,train,1,count
1,"(2, 2)",0.5,0.0,1024,Adadelta,0.8051316451450612,0.7341269841269841,0.861132660977502,0.9133638639800978,val,1,count
