,ngram_range,max_df,min_df,h1_nodes,optimizer,Acc,recall,PPV,AUC,dataset,fold,vector
0,"(1, 2)",0.25,0.0,2048,RMSprop,0.9655374811336576,0.9782585063593869,0.9557644309914503,0.9918282710346136,train,1,count
1,"(1, 2)",0.25,0.0,2048,RMSprop,0.8562803957739393,0.8855193328279,0.8437564499484004,0.93053621628239,val,1,count
0,"(1, 2)",0.25,0.0,2048,RMSprop,0.9645033260662977,0.967121655291951,0.9641969975159305,0.9923641110673938,train,2,count
1,"(1, 2)",0.25,0.0,2048,RMSprop,0.8516406730392979,0.866506707383575,0.8474666666666667,0.9323397247006017,val,2,count
