,ngram_range,max_df,min_df,h1_nodes,optimizer,Acc,recall,PPV,AUC,dataset,fold,vector
0,"(2, 2)",0.25,0.0,1024,Adam,0.9497177036167477,0.9275582024905252,0.9737963962939805,0.9924631354926428,train,1,count
1,"(2, 2)",0.25,0.0,1024,Adam,0.8031192352842529,0.7390022923261652,0.8568535628401468,0.9078057102744258,val,1,count
0,"(2, 2)",0.25,0.0,1024,Adam,0.9590809994968975,0.9734186828686123,0.9485146421397611,0.992705957916284,train,2,count
1,"(2, 2)",0.25,0.0,1024,Adam,0.8220135278662866,0.8651734261172122,0.8036561963438037,0.9090251935931608,val,2,count
0,"(2, 2)",0.25,0.0,1024,Adam,0.9583263457990944,0.9685150887896286,0.9511581875568395,0.9926691316936814,train,3,count
1,"(2, 2)",0.25,0.0,1024,Adam,0.8224607300575772,0.8494554081742693,0.8156777467122295,0.9040736284123164,val,3,count
0,"(2, 2)",0.5,0.0,1024,Adam,0.95835429593605,0.9638247098383773,0.9557384102398623,0.993055926198252,train,1,count
1,"(2, 2)",0.5,0.0,1024,Adam,0.8210632232097937,0.822582399651909,0.8280770915462111,0.9083482407467545,val,1,count
