,ngram_range,max_df,min_df,max_features,C,Acc,recall,PPV,AUC,dataset,fold,vector
0,"(1, 1)",0.5,0,,1.0,0.7147147147147147,1.0,0.652014652014652,0.0002174700978615446,train,1,count
1,"(1, 1)",0.5,0,,1.0,0.5748502994011976,1.0,0.572289156626506,0.24078947368421053,val,1,count
0,"(1, 1)",0.5,0,,1.0,0.7297297297297297,1.0,0.664179104477612,0.9992750996737949,train,2,count
1,"(1, 1)",0.5,0,,1.0,0.5868263473053892,1.0,0.5792682926829268,0.7903508771929825,val,2,count
0,"(1, 1)",0.5,0,,1.0,0.7485029940119761,1.0,0.6934306569343066,0.9988304093567251,train,3,count
1,"(1, 1)",0.5,0,,1.0,0.5060240963855421,0.9879518072289156,0.5030674846625767,0.7456089417912615,val,3,count
0,"(1, 1)",0.5,0,,1.0,0.996996996996997,1.0,0.9943820224719101,0.999963783862089,train,1,tfidf
1,"(1, 1)",0.5,0,,1.0,0.6047904191616766,0.9895833333333334,0.59375,0.8554137323943661,val,1,tfidf
0,"(1, 1)",0.5,0,,1.0,1.0,1.0,1.0,1.0,train,2,tfidf
1,"(1, 1)",0.5,0,,1.0,0.5029940119760479,1.0,0.5029940119760479,0.8453098106712565,val,2,tfidf
0,"(1, 1)",0.5,0,,1.0,0.9970059880239521,1.0,0.994475138121547,0.9999819624819626,train,3,tfidf
1,"(1, 1)",0.5,0,,1.0,0.5963855421686747,1.0,0.58125,0.8923258211813229,val,3,tfidf
