,ngram_range,max_df,min_df,max_features,n_estimators,criterion,max_depth,Acc,recall,PPV,AUC,dataset,fold,vector
0,"(1, 1)",0.5,0,,10,gini,2,0.6486486486486487,1.0,0.6201298701298701,0.8222660570754369,train,1,count
1,"(1, 1)",0.5,0,,10,gini,2,0.5269461077844312,0.9878048780487805,0.5094339622641509,0.7513629842180777,val,1,count
0,"(1, 1)",0.5,0,,10,gini,2,0.6426426426426426,0.9553072625698324,0.6063829787234043,0.6858086048030182,train,2,count
1,"(1, 1)",0.5,0,,10,gini,2,0.5868263473053892,0.8936170212765957,0.5874125874125874,0.6076216846400465,val,2,count
0,"(1, 1)",0.5,0,,10,gini,2,0.6497005988023952,0.9375,0.6088560885608856,0.7356336306098965,train,3,count
1,"(1, 1)",0.5,0,,10,gini,2,0.5903614457831325,0.8865979381443299,0.6013986013986014,0.5570745555057522,val,3,count
0,"(1, 1)",0.5,0,,10,gini,2,0.6186186186186187,1.0,0.5889967637540453,0.7560221235717925,train,1,tfidf
1,"(1, 1)",0.5,0,,10,gini,2,0.5568862275449101,0.967032967032967,0.5534591194968553,0.5469924812030075,val,1,tfidf
0,"(1, 1)",0.5,0,,10,gini,2,0.7207207207207207,0.9887005649717514,0.6578947368421053,0.8491416775315082,train,2,tfidf
1,"(1, 1)",0.5,0,,10,gini,2,0.7005988023952096,0.9895833333333334,0.6597222222222222,0.75506161971831,val,2,tfidf
0,"(1, 1)",0.5,0,,10,gini,2,0.7035928143712575,0.9786096256684492,0.658273381294964,0.8207828585979847,train,3,tfidf
1,"(1, 1)",0.5,0,,10,gini,2,0.6385542168674698,0.9534883720930233,0.5942028985507246,0.7497093023255815,val,3,tfidf
